name;frameTime;pcm_fftMag_mfcc[0];pcm_fftMag_mfcc[1];pcm_fftMag_mfcc[2];pcm_fftMag_mfcc[3];pcm_fftMag_mfcc[4];pcm_fftMag_mfcc[5];pcm_fftMag_mfcc[6];pcm_fftMag_mfcc[7];pcm_fftMag_mfcc[8];pcm_fftMag_mfcc[9];pcm_fftMag_mfcc[10];pcm_fftMag_mfcc[11];pcm_fftMag_mfcc[12];pcm_fftMag_mfcc_de[0];pcm_fftMag_mfcc_de[1];pcm_fftMag_mfcc_de[2];pcm_fftMag_mfcc_de[3];pcm_fftMag_mfcc_de[4];pcm_fftMag_mfcc_de[5];pcm_fftMag_mfcc_de[6];pcm_fftMag_mfcc_de[7];pcm_fftMag_mfcc_de[8];pcm_fftMag_mfcc_de[9];pcm_fftMag_mfcc_de[10];pcm_fftMag_mfcc_de[11];pcm_fftMag_mfcc_de[12];pcm_fftMag_mfcc_de_de[0];pcm_fftMag_mfcc_de_de[1];pcm_fftMag_mfcc_de_de[2];pcm_fftMag_mfcc_de_de[3];pcm_fftMag_mfcc_de_de[4];pcm_fftMag_mfcc_de_de[5];pcm_fftMag_mfcc_de_de[6];pcm_fftMag_mfcc_de_de[7];pcm_fftMag_mfcc_de_de[8];pcm_fftMag_mfcc_de_de[9];pcm_fftMag_mfcc_de_de[10];pcm_fftMag_mfcc_de_de[11];pcm_fftMag_mfcc_de_de[12]
'unknown';0.000000;-6.923460e+00;-5.257816e+01;-2.100487e+01;2.148622e+00;1.030047e+00;7.188957e+00;-2.217137e+01;-8.544145e+00;-3.793436e+00;4.547046e+00;7.356623e+00;-4.311061e+00;1.220085e+02;3.162112e-02;2.502616e+00;1.670272e+00;2.010118e-01;-2.481096e+00;-1.450810e+00;3.612792e+00;2.126585e+00;1.673500e+00;-2.498906e+00;2.495157e+00;8.735887e-01;-1.104607e+00;-2.522853e-01;-3.088238e-02;-8.036274e-01;-2.473115e-01;7.773125e-01;7.644130e-01;2.128277e-01;-7.905180e-01;-4.294095e-01;8.094446e-01;-4.994904e-01;-2.552776e-01;-2.300735e-01
'unknown';0.010000;-5.436917e+00;-4.689037e+01;-1.890815e+01;5.071958e-01;-8.103093e+00;1.915112e+00;-1.137074e+01;-4.922984e+00;1.996378e-01;4.496594e-01;1.515262e+01;2.240137e-01;1.202618e+02;-6.597390e-01;2.645552e+00;8.067721e-01;-7.660270e-02;-1.196598e+00;4.946848e-01;5.442933e+00;5.756946e-01;-3.856408e-01;-1.656085e+00;7.441346e-01;-2.193733e-01;-1.665005e+00;-3.586638e-01;-2.783883e-01;-1.165597e+00;-5.265581e-03;1.517853e+00;1.126928e+00;-2.522812e-01;-7.448761e-01;2.988149e-01;1.449217e+00;-1.050894e+00;-7.876326e-02;-2.072567e-01
'unknown';0.020000;-7.508626e+00;-4.290898e+01;-1.370187e+01;3.974393e+00;-6.808863e+00;2.571831e+00;-9.507723e+00;2.781986e-01;2.577529e+00;-5.898788e+00;1.593441e+01;-2.210655e+00;1.173588e+02;-8.841255e-01;2.276736e+00;-1.916114e+00;-8.967387e-01;7.632179e-01;1.398508e+00;3.761859e+00;-1.050561e+00;5.560236e-01;1.126907e+00;8.732163e-01;1.436817e-01;-1.974776e+00;-1.244703e-01;-4.601455e-01;-1.082717e+00;2.282662e-01;1.430785e+00;8.748391e-01;-6.963226e-01;-4.505383e-01;8.922504e-01;1.345912e+00;-1.793579e+00;-8.036380e-02;-2.459161e-02
'unknown';0.030000;-9.929572e+00;-4.418500e+01;-2.062251e+01;8.527222e-01;-1.033491e+00;1.197094e+01;-1.288526e+00;-1.007684e+01;-8.907123e+00;1.489539e+00;6.788404e+00;-6.458131e+00;1.160083e+02;-1.303825e+00;1.223614e+00;-2.364520e+00;7.235591e-01;3.486015e+00;2.759173e+00;2.276852e+00;-9.223461e-03;3.726313e+00;2.934274e+00;-1.948341e+00;8.447260e-01;-1.705807e+00;3.276822e-01;-1.764152e-01;-4.676203e-02;5.352005e-01;7.399366e-01;-1.319117e-01;-1.630162e+00;2.944805e-01;1.011060e+00;-1.843363e-01;-2.338430e+00;-3.706477e-01;1.602715e-01
'unknown';0.040000;-9.097760e+00;-4.254717e+01;-2.972826e+01;-2.507836e+00;1.311335e+00;9.153580e+00;-8.403180e+00;-1.122002e+01;3.540062e+00;9.661641e+00;1.590481e+01;-2.515807e-01;1.142614e+02;-2.686874e-01;9.128574e-01;-2.157664e+00;9.422619e-01;2.331523e+00;1.791142e+00;1.714220e+00;1.663520e-01;4.078776e+00;1.935476e+00;-5.126498e+00;-6.027985e-02;-1.207165e+00;4.260578e-01;7.992506e-03;1.124316e+00;7.959129e-01;-8.427814e-02;-1.008427e+00;-1.494108e+00;6.794962e-01;-4.244855e-01;-1.520629e+00;-2.011850e+00;-8.979529e-01;1.614312e-01
'unknown';0.050000;-1.116147e+01;-4.095321e+01;-2.271755e+01;7.366106e+00;5.266883e+00;1.242010e+01;-5.387566e-01;7.800069e-01;1.834994e+01;7.340816e+00;5.425717e+00;3.468106e+00;1.132815e+02;6.709529e-01;2.445415e+00;6.937369e-01;1.679899e+00;1.718932e+00;-3.611907e-01;-1.684059e+00;1.439641e+00;2.908281e+00;-2.982051e+00;-7.948157e+00;-1.970631e+00;-1.247453e+00;3.165794e-01;8.239686e-02;8.724569e-01;-4.369238e-01;-9.739888e-01;-1.337084e+00;-1.359043e+00;-1.569791e-01;-1.626428e+00;-7.272552e-01;5.319638e-01;-3.344558e-01;6.528213e-02
'unknown';0.060000;-8.236113e+00;-3.996059e+01;-2.344267e+01;5.429011e+00;1.698565e+00;1.130296e+01;-1.311509e+00;-4.318466e+00;9.342876e+00;8.529546e-01;-9.016741e+00;-7.475173e+00;1.126864e+02;2.587748e-01;1.705799e+00;2.176337e+00;2.604656e+00;1.225368e+00;-2.083443e+00;-1.728225e+00;1.622488e+00;-1.157388e+00;-3.518075e+00;-6.186124e+00;-2.938404e+00;-1.396796e+00;-7.786472e-02;-1.310188e-01;3.080673e-01;-1.001568e+00;-7.279032e-01;-6.324474e-01;-8.378905e-01;-8.566521e-01;-1.422532e+00;1.024194e+00;2.867723e+00;9.832568e-01;8.127709e-02
'unknown';0.070000;-7.005631e+00;-3.325121e+01;-2.029662e+01;5.283794e+00;7.367555e+00;9.090301e+00;-1.325466e+01;-6.329414e+00;2.732877e+00;-9.016372e+00;-2.049161e+01;-1.269949e+01;1.105586e+02;1.534100e-02;1.239128e+00;-1.692356e-01;-2.292257e+00;-8.308519e-01;-1.988957e+00;-2.797139e+00;-1.522187e+00;-1.787746e+00;2.024774e+00;1.241291e+00;6.115091e-01;-1.284580e+00;-1.840265e-01;-4.545565e-01;-5.867632e-01;-1.003018e+00;-7.969984e-01;4.032578e-01;1.714970e-01;-1.616447e+00;-7.911659e-01;2.299914e+00;3.771957e+00;1.843540e+00;2.350169e-01
'unknown';0.080000;-9.881807e+00;-3.786917e+01;-2.005704e+01;1.155660e+01;6.387842e+00;4.012631e-01;-1.068636e+01;4.471322e-01;5.561653e+00;2.498576e-01;-2.067144e+00;-6.859803e+00;1.086389e+02;-3.302051e-01;8.609066e-01;-1.858416e-01;-2.079498e+00;-3.310080e-02;-5.572124e-01;-1.918693e+00;-2.635995e+00;-6.858710e-01;4.553035e+00;4.617391e+00;3.564934e+00;-7.822159e-01;6.763361e-02;-4.877682e-02;-2.127816e-01;-1.479005e-01;-9.777477e-02;1.610681e+00;5.541684e-01;-1.545905e+00;-4.807104e-01;1.022912e+00;2.072414e+00;1.341502e+00;2.617597e-01
'unknown';0.090000;-1.026192e+01;-3.580327e+01;-2.525655e+01;-7.158969e+00;-1.232015e+00;7.926165e+00;-9.837029e+00;-9.213728e+00;1.130182e+01;1.776624e+01;8.157374e+00;6.217967e+00;1.088824e+02;4.531050e-02;5.950786e-01;-1.058990e+00;-9.931137e-01;-1.636825e+00;8.919826e-01;-7.313402e-01;-4.513354e+00;-1.283306e+00;4.481965e+00;5.509868e+00;3.995399e+00;-3.796593e-01;1.723727e-01;2.906711e-01;7.403017e-01;1.790413e+00;1.331621e+00;1.811979e+00;7.706524e-01;-1.001042e-01;-6.597030e-01;-1.440121e+00;-1.038888e-01;-5.646724e-01;1.240942e-01
'unknown';0.100000;-8.258993e+00;-3.438002e+01;-2.189192e+01;1.252902e+00;5.832847e+00;9.098967e+00;-1.261379e+01;-1.605628e+01;1.629048e+00;1.022683e+01;-2.542771e-01;8.907692e-01;1.096134e+02;5.819581e-01;1.783939e+00;1.557307e+00;1.215582e+00;1.139481e+00;4.529490e+00;9.717464e-03;-4.611455e+00;-3.813159e+00;3.678870e-01;2.041659e+00;2.077159e+00;-5.404587e-01;-2.723598e-02;4.310921e-01;9.868175e-01;1.626702e+00;1.346442e+00;9.989778e-01;5.852991e-01;1.179871e+00;2.345972e-01;-1.522184e+00;-6.112965e-01;-1.527409e+00;-9.240723e-02
'unknown';0.110000;-7.590486e+00;-3.202039e+01;-2.467413e+01;5.470074e+00;-5.390728e-01;9.201362e+00;-1.594764e+01;-2.064448e+01;-1.717353e+00;8.404967e+00;6.151299e+00;3.402221e+00;1.081730e+02;4.211230e-01;2.230967e+00;2.660699e+00;5.012269e+00;5.240963e+00;4.527588e+00;9.191809e-02;-1.034978e+00;-3.522617e+00;-3.083258e+00;2.009713e+00;-1.467965e+00;-7.849876e-01;-2.687568e-01;2.315259e-01;7.715003e-01;3.222852e-01;1.030529e+00;-3.391923e-01;6.141037e-02;2.068002e+00;1.846025e+00;-3.890659e-01;-1.553748e+00;-1.973851e+00;-1.036916e-01
'unknown';0.120000;-8.307734e+00;-3.084091e+01;-1.256172e+01;1.131998e+01;1.173878e+01;2.241112e+01;-7.582461e+00;-1.689477e+01;-6.994557e+00;6.769927e+00;9.144190e+00;4.933865e+00;1.062913e+02;-6.542912e-01;2.198423e+00;2.888402e+00;3.051322e+00;3.260214e+00;2.619874e+00;5.961732e-01;1.524174e+00;1.606770e+00;7.247251e-01;3.310986e+00;-1.340430e+00;-1.041588e+00;-1.292758e-01;-2.245595e-01;-4.789907e-01;-1.319545e+00;-1.021449e+00;-2.005877e+00;-2.032549e-01;1.874224e+00;2.407678e+00;6.158185e-01;-1.979649e+00;-1.361492e+00;1.570281e-01
'unknown';0.130000;-8.131935e+00;-2.641799e+01;-1.661815e+01;1.286883e+01;2.201984e+01;2.390803e+01;-1.189310e+01;-1.396938e+01;-1.999459e+00;4.078394e+00;1.350671e+01;-3.143405e+00;1.066185e+02;-6.803491e-01;1.545467e+00;2.132964e+00;-2.995576e-01;2.455455e+00;1.508288e-01;-7.175162e-01;2.758840e+00;5.236853e+00;2.358216e+00;-2.893536e+00;-4.165061e+00;-6.475525e-01;2.751659e-01;-2.814508e-01;-7.002157e-01;-2.033459e+00;-2.500067e+00;-2.108371e+00;-5.278097e-01;6.507831e-01;8.776275e-01;1.997510e-01;-2.577065e+00;9.208679e-03;3.300505e-01
'unknown';0.140000;-1.125972e+01;-2.618911e+01;-1.147790e+01;1.281013e+01;1.085446e+01;1.484501e+01;-1.166019e+01;-1.177297e+01;9.803950e+00;1.601374e+01;1.262295e+01;-2.538570e+00;1.051827e+02;4.863153e-01;1.003892e+00;-5.737799e-01;-2.726230e+00;-2.575008e+00;-3.311517e+00;-6.018397e-01;2.862758e+00;3.845498e+00;7.262424e-01;-5.404959e+00;-3.381755e+00;1.759644e-01;7.301973e-01;-1.502666e-01;-8.168128e-01;-1.212811e+00;-1.739809e+00;-1.222946e+00;-4.672575e-01;-4.083375e-02;-1.456210e+00;-1.259405e+00;-1.900098e+00;5.890115e-01;4.113078e-01
'unknown';0.150000;-9.516236e+00;-2.661896e+01;-1.455122e+01;3.227212e+00;1.218036e+01;1.373856e+01;-1.749636e+01;-9.411181e+00;1.606766e+01;1.557414e+01;-1.005576e+01;-1.368686e+01;1.054895e+02;1.226649e+00;1.420978e+00;8.907109e-01;-2.266251e+00;-4.341758e+00;-3.048572e+00;-1.948124e+00;1.549646e+00;-2.538434e-01;-2.085262e+00;-6.517638e+00;-4.012591e-01;2.564888e-01;8.948051e-01;-2.073179e-01;-9.427584e-01;-6.039373e-01;-1.638897e+00;-6.403390e-01;9.985989e-01;5.213103e-01;-2.425837e+00;-1.359831e+00;1.157487e+00;1.662985e+00;6.674566e-01
'unknown';0.160000;-5.184007e+00;-2.572097e+01;-1.646408e+01;2.509644e+00;3.783478e+00;1.093827e+01;-7.790032e+00;-4.860075e+00;3.199376e+00;4.653264e+00;-6.099371e+00;-6.703180e+00;1.077356e+02;2.043196e+00;1.509334e+00;-5.745355e-01;-2.029386e+00;-2.040226e+00;-1.895155e+00;-1.124810e+00;1.924603e+00;-2.928934e+00;-3.350562e+00;-4.377455e+00;-2.772736e-01;5.629303e-01;8.706846e-01;-1.231618e+00;-1.304642e+00;3.327560e-03;-1.785304e+00;-4.023274e-01;1.954823e+00;8.705750e-01;-1.651447e+00;3.000189e-01;2.962731e+00;1.527667e+00;1.464966e+00
'unknown';0.170000;-5.036549e+00;-1.954717e+01;-9.671507e+00;6.687820e+00;3.846540e+00;1.061854e+01;-2.356881e+01;-9.677593e+00;3.361169e-02;-6.676767e-01;-9.720323e+00;-3.067396e+00;1.066245e+02;3.015236e+00;2.561564e-01;-2.580450e+00;-3.667667e+00;-6.006420e+00;-3.759047e+00;4.536963e+00;5.834469e+00;-3.505119e+00;-2.402535e+00;2.380149e+00;2.597623e+00;2.496248e+00;4.531732e-01;-2.778542e+00;-2.153986e+00;2.523979e-01;-3.290506e+00;-5.206808e-01;2.276300e+00;-2.964078e-01;-6.378247e-01;1.613691e+00;3.285326e+00;1.028280e+00;2.632325e+00
'unknown';0.180000;-3.283588e+00;-2.217834e+01;-1.679043e+01;9.328982e-01;4.820243e+00;6.929242e+00;-1.424802e+01;-2.016747e+00;3.176302e+00;7.381837e+00;-9.432042e+00;-9.234672e+00;1.074299e+02;3.945445e+00;-4.571786e+00;-5.361408e+00;-2.008885e+00;-1.066920e+01;-4.967916e+00;5.929731e+00;5.073221e+00;-2.786097e+00;2.384973e+00;4.959800e+00;2.757137e+00;6.380914e+00;-8.041885e-01;-3.321281e+00;-1.029690e+00;6.789242e-01;-3.227996e+00;3.406170e-01;-2.437661e-02;-2.388903e+00;1.358689e-01;1.525729e+00;1.888422e+00;6.893296e-01;3.102891e+00
'unknown';0.190000;4.609733e+00;-2.710950e+01;-2.729029e+01;-1.432275e+01;-1.837012e+01;-3.052161e+00;8.417455e+00;1.833950e+01;-1.446400e+00;2.197181e+00;3.511320e+00;5.669992e-01;1.181236e+02;2.541391e+00;-9.431173e+00;-7.485785e+00;-1.014512e+00;-1.647980e+01;-4.115596e+00;5.906105e+00;-1.506703e+00;-3.514385e+00;3.115423e+00;5.240363e+00;3.222938e+00;1.050912e+01;-2.276239e+00;-2.066499e+00;1.179166e+00;1.212404e+00;1.067610e+00;2.437614e+00;-3.112962e+00;-3.595583e+00;1.298398e+00;5.563639e-01;-5.160038e-01;-5.780268e-01;2.089337e+00
'unknown';0.200000;9.720077e+00;-4.479874e+01;-3.446173e+01;2.970505e+00;-3.845417e+01;-7.065961e+00;5.865495e+00;6.497480e+00;-9.991104e+00;1.514570e+01;1.208381e+01;5.265307e+00;1.338906e+02;-1.740824e+00;-1.025341e+01;-3.270317e+00;3.865814e-02;-1.294351e+01;-1.379607e-02;-1.931264e+00;-6.349327e+00;-2.244956e+00;1.519102e+00;3.634547e+00;2.856717e+00;1.207095e+01;-2.986787e+00;5.472721e-01;2.739314e+00;2.739485e-01;5.391347e+00;3.207542e+00;-4.248803e+00;-1.981757e+00;2.599836e+00;-9.185423e-01;-1.603620e+00;-9.056708e-01;9.595051e-02
'unknown';0.210000;1.168572e+00;-5.539284e+01;-3.826478e+01;5.964544e-01;-5.691528e+01;-2.961841e+00;-4.095040e+00;-2.146822e+01;-1.095461e+01;1.102751e+01;5.723565e+00;5.797306e+00;1.459398e+02;-5.522825e+00;-7.235529e+00;2.269836e+00;1.370583e+00;4.687874e-01;5.951964e+00;-7.097346e+00;-6.432174e+00;2.716300e+00;8.122207e-01;4.627565e-01;-3.423009e-01;1.009791e+01;-1.993192e+00;2.561687e+00;2.989301e+00;6.580875e-02;7.461747e+00;1.888033e+00;-3.103062e+00;1.112992e+00;3.240472e+00;-9.460372e-01;-1.437860e+00;-1.032423e+00;-1.713659e+00
'unknown';0.220000;-1.026713e+01;-5.930370e+01;-2.765478e+01;-6.333413e+00;-4.062475e+01;6.815102e+00;-1.764810e+01;-1.385952e+01;-3.294374e+00;1.056218e+01;7.634572e+00;2.433760e+00;1.538765e+02;-6.956383e+00;-2.933248e+00;3.457349e+00;-1.831690e+00;7.813240e+00;6.036012e+00;-8.812555e+00;-2.372831e+00;7.097737e+00;-1.056137e+00;-6.694949e-01;1.140256e-02;7.066272e+00;-3.039469e-01;2.492482e+00;9.174321e-01;5.876013e-02;4.603464e+00;-8.773971e-01;3.391857e-01;2.695099e+00;2.130167e+00;-4.409274e-01;-1.195709e+00;-9.095030e-01;-2.572580e+00
'unknown';0.230000;-1.301079e+01;-5.603466e+01;-1.934459e+01;-2.817874e+00;-1.494090e+01;1.976713e+01;-1.531248e+01;-3.642866e+00;8.786734e+00;8.550044e+00;8.049721e+00;2.712679e-01;1.586202e+02;-4.816791e+00;-2.828152e-01;4.096889e+00;2.497053e-01;1.045056e+01;2.299664e+00;-6.168559e+00;2.070009e+00;8.016626e+00;-3.271433e-01;2.030846e-01;-5.165195e-01;4.443169e+00;1.052855e+00;1.286277e+00;-4.659063e-01;2.878905e-01;9.132800e-02;-2.701388e+00;3.052919e+00;1.950892e+00;-2.354861e-01;-1.553937e-01;-9.644823e-01;-1.992714e-01;-2.345375e+00
'unknown';0.240000;-1.797216e+01;-5.914407e+01;-2.663508e+01;-4.480781e+00;-2.037516e+01;1.174961e+01;-3.258856e+01;-1.427935e+01;1.562691e+01;1.110375e+01;7.573256e+00;8.085339e+00;1.628817e+02;-3.613576e+00;-1.267354e+00;4.033167e-01;8.928978e-01;5.082921e+00;-2.574631e+00;-6.997294e-01;2.875077e+00;5.755713e+00;-1.158534e-01;-2.214163e+00;-1.603689e+00;2.035420e+00;1.591683e+00;3.683613e-01;-3.970981e-01;8.894179e-01;-1.843715e+00;-1.710045e+00;4.101811e+00;4.651069e-01;-1.825184e+00;7.704690e-03;-1.053712e+00;-1.394112e-01;-1.795797e+00
'unknown';0.250000;-1.906287e+01;-5.688673e+01;-1.829018e+01;9.186648e-01;-1.478729e+01;6.069223e+00;-2.746760e+01;-1.090826e+01;1.966788e+01;9.121008e+00;6.769645e+00;3.889189e-01;1.636530e+02;-1.929952e+00;-1.637091e+00;1.467320e+00;1.447742e+00;2.290587e+00;-3.249654e+00;4.110835e+00;6.983304e-01;2.209881e+00;-4.348895e-01;-3.587321e+00;-5.311124e-01;8.864639e-01;1.274501e+00;-4.188820e-01;-6.729440e-01;8.591248e-02;-2.676425e+00;1.842226e-01;2.611718e+00;-1.205462e+00;-2.962058e+00;-4.659069e-01;-5.435134e-01;9.169790e-01;-1.315140e+00
'unknown';0.260000;-2.530897e+01;-6.521443e+01;-2.616540e+01;-3.737193e+00;-1.528695e+01;7.908990e-01;-1.506918e+01;4.148563e+00;2.004362e+01;9.697434e+00;-2.796204e+00;-5.643509e+00;1.615372e+02;-4.413870e-01;-4.143040e-01;2.786643e+00;2.016382e+00;2.674648e+00;2.604450e-01;6.556806e+00;6.385424e-01;8.751917e-01;-9.637401e-01;-4.042854e+00;-6.783571e-01;-1.343597e-01;1.139354e+00;-3.993822e-01;-4.008463e-01;-2.358995e-01;-1.726413e+00;1.261470e+00;4.885788e-01;-2.237883e+00;-2.884856e+00;-4.776543e-01;8.415721e-01;1.673289e+00;-9.638124e-01
'unknown';0.270000;-1.899215e+01;-6.118494e+01;-1.224283e+01;4.049040e+00;-6.032070e+00;8.998218e+00;-3.517993e+00;-9.365171e+00;1.762778e+01;7.078754e+00;-4.702155e+00;4.480130e+00;1.637248e+02;-3.038158e-02;-2.803750e+00;-4.594935e-01;1.175259e-01;-1.727434e+00;1.803239e+00;3.261762e+00;-2.839035e+00;-4.353403e+00;-2.232734e+00;-1.600137e+00;3.605709e+00;-1.047644e+00;1.012689e+00;-4.309877e-01;-8.851242e-01;-3.799427e-01;-6.906134e-01;8.920557e-01;-4.570269e-01;-1.315885e+00;-2.058321e+00;-2.970685e-01;1.672418e+00;9.061593e-01;-8.193235e-01
'unknown';0.280000;-2.021445e+01;-5.906649e+01;-1.572554e+01;4.035939e+00;-1.137953e+01;1.158734e+01;-1.177934e+01;-1.185818e+01;2.102292e+01;7.306177e+00;-6.905116e+00;2.647948e+00;1.621741e+02;1.133412e+00;-2.680935e+00;-6.375077e-01;3.785082e-01;-1.540133e+00;1.206271e+00;2.167701e+00;-6.545653e+00;-5.386926e+00;-1.605202e+00;1.000106e+00;4.694346e+00;-1.816588e+00;8.853243e-01;-1.953491e-01;-7.628118e-01;4.425415e-02;4.667704e-01;-1.799096e-01;7.457235e-02;-4.852990e-01;-8.342134e-01;-9.133367e-02;1.837666e+00;2.628406e-01;-4.497492e-01
'unknown';0.290000;-2.176204e+01;-7.397945e+01;-2.580758e+01;-2.380272e+00;-2.537817e+01;9.687198e+00;-1.280371e+01;-1.710006e+01;-2.588785e+00;-8.470336e-01;8.234170e-01;1.427174e+01;1.580964e+02;2.346092e+00;-2.658714e+00;-1.246226e+00;3.669650e-01;9.449108e-01;7.377114e-01;4.020253e+00;-2.288997e+00;-4.950665e+00;-1.599501e+00;2.253291e+00;1.313332e+00;-2.369040e+00;5.359488e-01;8.272020e-01;-5.711538e-02;5.182586e-01;1.669320e+00;-7.179992e-01;7.241883e-01;1.048879e+00;1.527620e+00;2.370922e-01;1.051040e+00;-9.409220e-01;4.745971e-02
'unknown';0.300000;-1.825697e+01;-7.222185e+01;-2.257056e+01;1.370004e+00;-1.331457e+01;6.477763e+00;4.121808e-01;-2.471225e+01;3.217279e+00;5.634315e+00;-5.584625e-01;1.293242e+01;1.552685e+02;2.796998e+00;-1.463567e+00;-6.340499e-01;2.112933e+00;3.672328e+00;-1.063390e-01;6.550422e+00;-2.062972e+00;-2.997244e+00;-1.737025e+00;3.218761e+00;1.782035e+00;-1.722408e+00;-8.217914e-02;9.803417e-01;-1.509935e-01;-1.584823e-01;4.366491e-01;-6.156569e-01;7.167292e-03;2.195171e+00;2.289765e+00;-1.900944e-01;1.238867e-01;-9.302977e-01;3.817482e-01
'unknown';0.310000;-8.240432e+00;-6.790083e+01;-1.505145e+01;7.216833e+00;-3.399952e-01;1.524156e+01;1.048752e+01;-1.438312e+01;1.777275e+00;-8.282049e-02;3.390974e+00;5.904555e+00;1.553324e+02;1.817569e+00;7.235756e-01;-7.467993e-01;1.841607e+00;4.012934e+00;-1.130452e+00;4.691343e+00;1.640203e-01;2.089858e+00;-9.813620e-01;2.545737e+00;3.572550e-01;-8.574356e-01;-5.949141e-01;6.827732e-01;-4.444641e-01;-1.319463e+00;-1.303381e+00;-4.726525e-01;-1.333298e+00;1.357319e+00;2.323215e+00;-4.563966e-02;-4.531114e-01;-3.460949e-02;2.733432e-01
'unknown';0.320000;-1.299027e+01;-6.942364e+01;-2.427386e+01;9.802049e+00;-5.536975e+00;8.278463e+00;9.327157e+00;-2.353152e+01;3.853664e+00;-1.761056e+00;7.904910e+00;1.574171e+01;1.549440e+02;9.867771e-01;5.296288e-01;-1.642188e+00;-1.151224e+00;-8.908993e-01;-9.379318e-01;1.867993e+00;3.203693e+00;2.541639e+00;-2.864744e+00;1.473316e+00;5.208971e-01;-6.636490e-01;-3.784008e-01;7.315346e-02;-3.542563e-01;-2.189755e+00;-1.993592e+00;1.527857e-01;-2.136198e+00;6.843089e-01;1.073501e+00;3.457731e-01;-5.793500e-01;7.893459e-02;-1.613446e-01
'unknown';0.330000;-1.530754e+01;-7.176068e+01;-2.868993e+01;2.611739e+00;-9.202294e+00;3.134587e+00;6.195514e+00;-1.687033e+01;7.542313e+00;-2.056158e+00;9.320415e+00;1.465337e+01;1.539715e+02;2.766314e-01;-2.414459e-01;-2.964477e+00;-4.598269e+00;-3.290383e+00;-1.209755e+00;-3.050236e-01;1.864267e+00;3.895971e+00;-1.263840e+00;8.604562e-01;1.770854e+00;-1.531703e+00;2.088726e-01;-9.377235e-02;3.083619e-01;-1.189938e+00;-1.300949e+00;8.517664e-01;-1.196028e+00;-7.450044e-01;-1.059359e+00;5.980523e-01;-5.032743e-01;1.386062e-01;-3.481433e-01
'unknown';0.340000;-9.789529e+00;-6.764378e+01;-2.396227e+01;-2.083570e+00;-1.333791e+01;7.841592e+00;1.189814e+01;-7.450185e+00;1.304296e+01;-7.702734e+00;3.843399e+00;1.116250e+01;1.526307e+02;1.675463e+00;-6.152893e-01;-1.296493e+00;-5.615903e+00;-2.643972e+00;6.972407e-01;-1.632385e+00;5.084492e-01;1.467204e+00;1.330794e-01;1.164651e+00;1.469908e+00;-2.191997e+00;1.897509e-01;1.539789e-01;7.185937e-01;6.764895e-01;1.882314e-01;8.000361e-01;2.763683e-03;-1.332642e+00;-1.706147e+00;5.672040e-01;-3.266871e-01;-5.104941e-01;-2.198567e-01
'unknown';0.350000;-8.457644e+00;-6.999799e+01;-3.002963e+01;-9.831705e+00;-1.289144e+01;9.411226e+00;7.676904e+00;-1.310245e+01;1.666248e+01;-3.431181e+00;9.724010e+00;1.704843e+01;1.488305e+02;2.517590e+00;8.271729e-01;6.221625e-01;-1.875741e+00;-1.615276e+00;2.310793e+00;4.613918e-01;-2.213380e+00;-2.669719e+00;5.099880e-01;1.836981e-01;5.757803e-01;-1.833978e+00;-3.360246e-02;6.315824e-01;9.117813e-01;2.484992e+00;1.264287e+00;5.155547e-01;6.460980e-01;-2.759424e-01;-9.897817e-01;-8.076360e-02;-7.417257e-01;-1.576496e+00;1.178883e-01
'unknown';0.360000;-8.037901e+00;-7.338143e+01;-3.008647e+01;-1.205575e+01;-1.691226e+01;8.626348e+00;4.245347e-01;-2.287321e+01;6.629602e+00;-4.081469e-01;1.352637e+01;2.189372e+01;1.465545e+02;8.150523e-01;7.652138e-01;1.574602e-01;8.699592e-01;-7.872955e-01;1.301974e+00;1.498603e+00;-1.420693e+00;-2.706254e+00;-9.156377e-01;1.782599e-01;-1.434037e+00;-1.611795e+00;-4.877983e-01;7.728018e-01;6.013522e-01;2.602635e+00;1.726371e+00;-1.370619e-01;2.561451e-01;9.720517e-01;1.052064e+00;-3.047334e-01;-7.876481e-01;-1.810546e+00;2.674968e-01
'unknown';0.370000;-3.595404e+00;-6.475599e+01;-2.251701e+01;-1.780878e+00;-1.549150e+01;1.429618e+01;1.423928e+01;-2.022572e+01;-2.599607e+00;-3.153512e+00;5.397421e+00;1.216666e+01;1.478397e+02;5.388243e-01;2.226215e+00;8.674532e-01;4.583756e+00;2.102715e+00;1.065652e+00;1.359972e+00;1.449126e+00;1.033791e+00;-1.143299e+00;-2.354977e+00;-4.659653e+00;-1.232362e+00;-7.047659e-01;2.625323e-01;6.918051e-01;1.223190e+00;1.121566e+00;-1.243932e+00;-1.422224e+00;1.011826e+00;2.269636e+00;4.788094e-01;2.720386e-01;-5.421306e-01;6.080277e-02
'unknown';0.380000;-8.145388e+00;-6.643871e+01;-2.693127e+01;-1.759188e+00;-1.597436e+01;1.190899e+01;1.610997e+01;-1.099202e+01;9.142732e+00;-1.241976e+01;6.897993e+00;6.433202e+00;1.450672e+02;2.258539e-01;2.549199e+00;1.587623e+00;4.167525e+00;4.128886e+00;6.345018e-01;-8.009505e-01;3.537455e+00;4.875768e+00;-5.639437e-01;-1.504252e+00;-4.965106e+00;-1.155321e+00;-3.685687e-01;-2.369002e-01;6.397187e-01;-3.948406e-01;-4.355246e-01;-1.299243e+00;-2.115851e+00;-2.745128e-01;1.192069e+00;1.768600e+00;1.364267e+00;8.577150e-01;-1.696169e-03
'unknown';0.390000;-5.709780e+00;-6.233828e+01;-2.726996e+01;7.938796e+00;-2.846818e+00;1.309817e+01;6.634046e+00;-1.179741e+01;2.057487e+01;-3.141874e+00;1.263314e+00;1.480421e+00;1.434124e+02;-7.116405e-01;1.247842e+00;3.366107e+00;2.591426e+00;1.534465e+00;-3.575129e+00;-5.499949e+00;3.666782e-01;4.887448e+00;2.728188e+00;2.385147e+00;-3.693384e-01;-1.758202e+00;-3.221876e-01;-9.481449e-01;-1.523413e-01;-2.042562e+00;-2.264617e+00;-6.796333e-01;-1.235377e+00;-7.198890e-01;-9.427894e-01;1.350226e+00;1.471141e+00;1.242265e+00;1.241394e-02
'unknown';0.400000;-5.851443e+00;-6.184430e+01;-1.977188e+01;3.922041e+00;-2.590175e+00;1.239786e+01;2.223985e-01;-9.400087e+00;1.942120e+01;-3.233685e+00;8.072159e+00;2.411309e+00;1.429916e+02;-4.025590e-01;6.989899e-02;2.106727e+00;-1.080785e-01;-2.680794e+00;-2.873852e+00;-5.650693e+00;-2.252033e+00;1.327261e+00;5.991617e+00;4.629535e+00;7.093806e-01;-1.357356e+00;-1.015721e-01;-1.036602e+00;-1.189595e+00;-1.818320e+00;-2.154212e+00;4.350823e-01;8.378379e-01;-1.112939e-01;-2.060138e+00;2.400153e-02;-2.038369e-01;6.476988e-01;8.056869e-02
'unknown';0.410000;-8.300578e+00;-6.081398e+01;-9.266176e+00;8.335638e+00;-1.451127e+01;-3.823905e+00;-5.316682e+00;-1.918829e+01;1.669840e+01;5.894392e+00;1.673607e+01;1.233091e+01;1.400865e+02;-7.579072e-01;-1.274860e+00;-1.538050e-01;-3.491249e+00;-5.815532e+00;-5.783367e-01;-2.392043e+00;7.444250e-01;-1.905904e+00;2.330052e+00;1.933835e+00;-1.285573e+00;-1.069275e+00;2.172053e-01;-6.816412e-01;-1.892045e+00;-9.827042e-01;2.222201e-01;1.981712e+00;2.449203e+00;9.313925e-01;-1.548191e+00;-1.854182e+00;-1.858243e+00;-4.675929e-01;1.344595e-01
'unknown';0.420000;-8.862783e+00;-6.685136e+01;-2.539953e+01;-2.498001e+00;-2.354611e+01;6.000761e+00;-6.168127e+00;-1.855675e+01;1.771727e+01;1.302020e+01;2.230929e+01;4.554860e+00;1.399433e+02;-2.588732e-01;-1.372463e+00;-2.600395e+00;-1.882737e+00;-2.967177e+00;1.311517e+00;1.834285e+00;2.792112e+00;-2.028246e+00;-2.448680e-01;-2.297781e+00;-1.268495e+00;-1.096941e+00;2.997251e-01;-1.622857e-01;-1.007300e+00;5.327412e-01;2.216435e+00;1.306721e+00;2.641900e+00;7.609914e-01;-7.744206e-01;-2.276131e+00;-1.804219e+00;4.704529e-01;3.174607e-02
'unknown';0.430000;-7.993646e+00;-6.620905e+01;-2.522516e+01;-6.307427e+00;-2.144651e+01;1.340503e+01;-2.130905e+00;-3.496959e+00;1.189732e+01;3.814447e-01;3.813925e+00;-6.019222e+00;1.395901e+02;3.025433e-01;-1.439183e+00;-3.740557e+00;-1.434765e+00;2.788757e+00;4.240748e+00;3.003574e+00;2.501568e+00;-1.175753e+00;-3.424481e+00;-3.442409e+00;-1.718365e+00;-1.216112e+00;1.346234e-01;2.115397e-01;7.168088e-02;1.506121e+00;2.583771e+00;2.942580e-01;1.260644e+00;-9.492092e-01;2.065566e-02;-6.014599e-01;7.819732e-02;1.554471e+00;-9.089158e-02
'unknown';0.440000;-7.299275e+00;-6.600908e+01;-2.479436e+01;1.829888e+00;-1.395844e+01;1.034098e+01;7.800938e+00;-3.285194e+00;1.168051e+01;-1.701551e+00;3.044330e+00;5.243903e+00;1.377550e+02;5.658411e-01;-6.593682e-01;-1.136396e+00;1.527386e+00;4.099236e+00;1.250212e+00;4.860999e+00;6.743519e-01;-2.909917e+00;-2.511770e+00;-1.703436e+00;3.278041e+00;-1.125208e+00;-9.587714e-02;6.258062e-01;9.120504e-01;1.247883e+00;1.333665e+00;-2.254792e-01;-7.365437e-02;-1.239189e+00;-5.527357e-01;1.790088e-01;1.029528e+00;1.535656e+00;-1.516016e-01
'unknown';0.450000;-7.569616e+00;-6.843104e+01;-2.827155e+01;-1.002133e+00;-5.361319e+00;1.520973e+01;2.716657e+00;-1.431622e+01;1.383801e+01;-3.867141e+00;9.156511e+00;3.394565e+00;1.351001e+02;-4.971474e-01;-5.737091e-01;-5.273998e-01;2.334294e+00;3.570119e+00;9.236054e-01;2.397820e+00;-2.942741e+00;-1.361790e+00;4.562032e-01;2.027649e+00;4.213515e+00;-1.509599e+00;-2.836734e-01;8.305936e-01;1.049917e+00;7.616132e-01;-4.946451e-01;-6.030570e-01;-1.075129e+00;-6.158261e-01;-4.932808e-01;8.253061e-01;4.856108e-01;4.491337e-01;-2.169529e-01
'unknown';0.460000;-6.245593e+00;-6.903720e+01;-2.955832e+01;2.486282e+00;-1.109252e+01;1.134947e+01;1.571309e+01;-9.775353e+00;2.197339e+00;2.585641e+00;1.112082e+01;1.623817e+01;1.365623e+02;-3.384136e-01;1.323831e+00;3.532783e-01;2.472149e+00;3.310468e+00;1.842692e+00;1.768891e+00;-6.816800e-01;-4.698906e+00;-1.290166e+00;1.148310e-01;3.443848e+00;-1.708205e+00;-3.266794e-01;6.282235e-01;6.276845e-01;-3.348774e-01;-7.033061e-01;9.849788e-02;-2.245653e+00;-1.397820e-01;4.716856e-01;5.486215e-01;-9.360304e-01;-1.518323e+00;-2.684138e-01
'unknown';0.470000;-1.100622e+01;-6.756353e+01;-2.548018e+01;5.035845e+00;-5.028876e+00;1.751881e+01;5.902122e+00;-1.496558e+01;9.829952e+00;5.188646e-01;9.913928e+00;9.551216e+00;1.326385e+02;-6.636965e-01;1.722185e+00;7.641876e-01;1.900919e+00;7.099158e-01;9.292232e-01;-8.260175e-01;1.004538e-01;-2.747662e+00;9.124736e-02;-1.923488e+00;4.444001e-01;-2.009378e+00;-2.554584e-03;4.308843e-01;5.897729e-01;-8.649432e-01;-9.129258e-01;-2.511671e-01;-1.709470e+00;2.855597e-01;7.505987e-01;1.009161e-01;-1.584025e+00;-1.559675e+00;-8.801910e-02
'unknown';0.480000;-7.273039e+00;-5.982368e+01;-2.442365e+01;1.117165e+01;2.427679e+00;1.839990e+01;1.505266e+01;-6.368915e+00;-9.809990e+00;-1.034539e+01;3.239776e+00;1.938482e+01;1.304448e+02;-9.842814e-01;1.333802e+00;1.356232e+00;6.968665e-02;2.012808e+00;1.739893e+00;-4.755346e+00;-1.546155e+00;1.414469e-01;4.138160e-01;-4.408019e+00;-2.429017e+00;-2.217387e+00;-1.041149e-01;-2.022837e-01;1.970224e-01;-1.228129e+00;-8.973211e-01;-3.192213e-01;-3.437960e-01;-2.536264e-01;1.300970e+00;2.120565e-01;-3.831687e-01;-1.104454e+00;4.526215e-02
'unknown';0.490000;-1.037438e+01;-6.442687e+01;-2.701794e+01;4.159777e+00;-8.571839e+00;1.633064e+01;-1.083217e+00;-1.551717e+01;6.103367e+00;3.054610e+00;3.479589e+00;4.043243e+00;1.281119e+02;-1.869864e-01;1.575727e+00;1.919988e+00;-7.891906e-01;-3.456795e-01;-2.808308e-01;-2.887412e+00;-1.082705e+00;-2.897329e-02;1.087927e-01;-3.631052e+00;-6.484298e-01;-1.695103e+00;7.774959e-02;5.516551e-02;-1.176838e-01;-8.750617e-01;-1.170411e-01;-2.371682e-01;1.635703e+00;3.671270e-01;5.002232e-01;-5.206164e-01;9.830502e-01;1.492404e-02;1.613430e-01
'unknown';0.500000;-1.148292e+01;-6.393652e+01;-2.200827e+01;3.272749e+00;7.430022e-01;2.064303e+01;-4.570975e+00;-1.723034e+01;4.767866e+00;3.386848e+00;-7.702109e+00;6.847072e+00;1.277387e+02;-1.097343e+00;3.856419e-01;7.604902e-01;-2.323441e+00;-6.483397e-01;8.516129e-01;1.080608e+00;-1.358233e+00;4.466000e-01;-2.386568e-01;-9.472305e-01;-1.532009e+00;-1.639031e+00;1.362964e-01;4.208364e-01;-5.307170e-01;-1.777553e-01;3.358410e-01;-5.047295e-01;2.980245e+00;7.108720e-01;-2.722473e-01;-6.345533e-01;1.389622e+00;6.386429e-01;2.444694e-01
'unknown';0.510000;-9.836213e+00;-5.762848e+01;-1.708793e+01;5.039340e+00;-5.914936e+00;1.499309e+01;1.276880e+00;-1.494840e+01;2.396158e+00;-5.803289e+00;-2.770393e+00;1.257794e+01;1.255160e+02;-2.184178e-01;2.472093e+00;4.736399e-01;-1.277826e+00;1.455284e+00;1.875223e-01;4.434519e+00;1.842128e+00;-3.991225e-01;-2.185598e+00;1.261368e+00;7.051615e-02;-1.491841e+00;7.304224e-02;5.179366e-01;-4.768696e-01;5.633937e-01;1.225731e+00;-2.942064e-01;1.010768e+00;5.411165e-01;-3.413129e-01;-9.706265e-02;3.789091e-01;-4.976173e-02;1.231462e-01
'unknown';0.520000;-1.302884e+01;-6.129467e+01;-2.558621e+01;-8.853398e-01;-2.142472e+00;2.332673e+01;1.927565e+01;-1.344447e+01;-5.723385e+00;-7.109721e+00;1.628615e+00;7.457423e+00;1.235476e+02;-2.870838e-01;2.989801e+00;-5.741785e-01;-5.747722e-01;2.791531e+00;-1.017931e+00;6.484916e+00;5.457884e-01;-1.034715e+00;-1.611755e+00;9.388027e-02;4.047245e-01;-1.096671e+00;2.114296e-01;4.688474e-01;2.385628e-01;1.120678e+00;6.565272e-01;-4.501196e-01;-1.442251e+00;4.030460e-01;4.392402e-02;8.561497e-01;-7.056462e-01;-1.385844e-01;4.747329e-02
'unknown';0.530000;-1.069351e+01;-5.338733e+01;-2.286077e+01;-1.503098e-01;1.473185e-01;1.592640e+01;9.166066e+00;-8.199471e+00;9.353380e+00;-2.625097e+00;5.121069e+00;4.090648e+00;1.227482e+02;-2.269048e-01;2.863330e+00;2.029741e-01;1.153444e+00;4.063041e+00;-8.170910e-01;-5.357267e-01;6.708671e-01;-9.948803e-01;3.100286e-01;-2.257062e+00;-1.865605e+00;-1.350552e+00;8.347376e-02;-3.084208e-01;3.914658e-01;7.704027e-01;-6.670302e-01;2.112413e-01;-2.359963e+00;-7.432100e-01;-2.358849e-01;1.223878e+00;-4.566761e-01;-3.921170e-01;-7.991197e-02
'unknown';0.540000;-1.248970e+01;-5.110809e+01;-2.199274e+01;2.993713e+00;1.166953e+01;1.508672e+01;2.390901e+01;-1.787586e+01;-3.884320e+00;-6.261024e+00;-1.117844e+01;1.311434e+01;1.236392e+02;-3.595171e-02;2.534260e+00;2.088637e+00;2.064317e+00;1.330418e+00;-8.966786e-01;-3.645526e+00;1.242627e+00;9.640989e-01;2.794278e+00;-2.716246e+00;-1.256870e+00;-1.472309e+00;2.132957e-01;-4.457697e-01;2.477867e-01;2.299839e-01;-1.390021e+00;5.284788e-02;-2.822255e+00;-6.326127e-01;-1.515447e-01;5.510200e-01;4.588428e-01;-6.392720e-01;-2.282943e-01
'unknown';0.550000;-1.124031e+01;-4.840511e+01;-1.786979e+01;8.867032e+00;7.494267e+00;1.502765e+01;-3.718434e+00;-9.378367e+00;-3.497777e+00;-4.677495e+00;-7.652178e+00;4.214541e-01;1.187175e+02;7.338486e-02;1.157759e+00;1.099561e+00;1.254643e+00;-1.149310e+00;1.183103e+00;-2.300075e+00;-2.222342e+00;-2.577954e+00;1.730772e+00;3.830509e-01;-1.059272e+00;-1.703582e+00;4.618424e-02;-4.013830e-01;2.009630e-04;-2.532680e-02;-1.258965e+00;-7.746671e-01;-9.309597e-01;-9.428374e-01;-5.194756e-01;-3.438452e-01;1.281237e+00;2.281085e-01;-7.668412e-02
'unknown';0.560000;-1.293519e+01;-5.111448e+01;-1.763851e+01;4.927572e+00;8.361422e-01;1.929272e+01;7.490270e+00;-6.641885e+00;5.522687e+00;7.887870e+00;-5.565990e+00;3.007668e+00;1.182015e+02;6.292499e-01;1.613738e+00;2.164617e-01;5.245473e-01;-1.552397e+00;-1.753789e+00;-6.744187e+00;-1.170671e+00;-1.000901e+00;4.329733e-01;1.068038e+00;-3.194802e+00;-2.061628e+00;-1.271489e-01;-2.076940e-01;-2.302053e-01;-3.853872e-02;1.862804e-02;-7.917904e-01;-1.393871e-02;-3.766058e-01;-6.663206e-01;-1.058142e+00;9.120637e-01;1.958108e-01;-7.532203e-03
'unknown';0.570000;-1.010384e+01;-4.759534e+01;-1.954008e+01;5.155976e+00;-1.825349e-01;1.973891e+01;5.875063e+00;-2.492816e+01;-8.239895e+00;-1.045681e+00;4.230099e+00;3.847626e+00;1.169492e+02;-3.285844e-01;1.316677e+00;1.140067e+00;1.796694e+00;-7.903763e-01;-4.261871e+00;-3.641195e+00;-2.836671e+00;-2.609758e+00;-2.285447e-01;2.256979e+00;2.439034e-01;-1.439314e+00;-3.199708e-01;-1.869438e-01;-8.598153e-02;1.205474e-01;3.425731e-01;-4.040219e-01;3.710172e-01;8.846019e-01;3.023145e-01;-5.873291e-01;4.260529e-01;9.368389e-01;4.702895e-02
'unknown';0.580000;-9.911682e+00;-4.344428e+01;-2.007529e+01;7.471978e+00;7.745950e+00;3.962144e+00;-1.460868e+01;-1.595431e+01;-6.517768e+00;-5.912064e+00;-1.177939e+01;-4.572758e+00;1.142152e+02;-4.707114e-01;1.416332e+00;9.173574e-01;1.600597e+00;1.244091e+00;-2.133143e+00;-3.044660e+00;-3.332373e-01;-2.351602e+00;-1.516774e+00;9.071089e-01;-9.294041e-01;-1.642104e+00;-2.112670e-01;-2.357778e-01;-2.209713e-01;-1.500267e-01;-5.298470e-02;1.172849e+00;1.663397e+00;8.633278e-01;3.446015e-01;-3.367033e-01;5.982786e-01;1.097507e+00;2.021487e-01
'unknown';0.590000;-1.439499e+01;-4.565683e+01;-1.095107e+01;1.657830e+01;8.748108e-02;1.383573e+00;-1.087493e+01;-1.890551e+01;-1.052634e+01;1.079748e+00;6.739416e+00;5.431184e+00;1.135140e+02;-9.764885e-01;3.217438e-01;3.192057e-01;1.319355e+00;-8.346882e-01;-6.473296e-01;-2.294753e+00;1.781951e+00;-3.910314e-01;-2.309997e-01;2.593780e+00;2.492224e+00;-1.678199e+00;4.123797e-01;2.340113e-01;-5.179268e-01;-5.523931e-01;-6.410327e-02;1.205966e+00;1.019794e+00;9.934943e-01;9.870308e-01;-4.875010e-01;-2.192717e-01;-2.129195e-01;2.079555e-01
'unknown';0.600000;-1.314318e+01;-4.500208e+01;-1.734623e+01;7.219396e+00;6.921590e+00;1.780467e+01;6.419700e-01;-1.131940e+01;-5.092101e+00;-7.587135e-01;-2.285104e+00;-2.431132e+00;1.117085e+02;-1.031329e-01;9.323155e-01;-4.779640e-01;1.308327e-02;-1.795164e+00;2.303187e+00;8.995789e-01;8.366569e-01;-3.872572e-01;-1.249316e+00;3.891031e+00;1.168573e+00;-9.314415e-01;5.655230e-01;4.799109e-01;1.133127e-01;9.961332e-02;3.401143e-01;1.017424e-01;5.112394e-01;3.047311e-01;9.108575e-01;7.020750e-02;-4.669610e-01;-2.779657e-01;2.978704e-01
'unknown';0.610000;-1.337053e+01;-4.520773e+01;-1.930858e+01;1.187904e+01;-3.943796e+00;9.581001e+00;-1.322402e+01;-1.833587e+01;-1.090789e+01;-4.777355e+00;1.245186e+01;1.523793e+01;1.098115e+02;1.549525e+00;2.728741e+00;-7.519064e-01;-1.715139e-01;4.087350e-01;-4.502052e-01;-5.143426e-01;1.545854e+00;1.343224e+00;-2.799779e+00;-3.313401e-01;-1.869683e+00;-7.548676e-01;3.818294e-01;4.154377e-01;3.741373e-01;1.664450e-01;9.428854e-01;-3.738878e-01;-6.007116e-02;-3.051120e-01;6.767794e-01;2.244157e-01;-1.858284e+00;-1.273614e+00;2.020043e-01
'unknown';0.620000;-1.093957e+01;-3.900726e+01;-1.828635e+01;9.887023e+00;7.857674e-01;1.137936e+01;-8.936236e+00;-1.205585e+01;-8.263281e+00;-9.230091e+00;4.819543e+00;-3.633266e+00;1.114092e+02;1.093897e+00;2.612387e+00;2.019477e+00;2.844099e+00;2.322951e+00;-1.722993e+00;-1.378668e+00;1.308467e+00;1.335558e+00;1.186532e-01;3.486376e-02;-1.382793e-01;-6.144180e-01;-2.470115e-01;-1.787254e-01;5.097747e-04;-3.240229e-01;3.105843e-01;-4.261155e-01;-8.772224e-01;-2.371763e-01;5.937770e-01;8.357588e-01;-1.521314e+00;-6.651180e-01;-9.520600e-02
'unknown';0.630000;-7.749161e+00;-3.501053e+01;-1.424054e+01;1.438692e+01;5.199067e+00;2.345198e+00;-8.657544e+00;-1.080801e+01;-2.224631e+00;-8.683457e+00;1.530392e+00;-3.316162e+00;1.098893e+02;3.341433e-01;1.558896e+00;9.411720e-01;7.360724e-01;1.820681e+00;-5.036785e-01;-1.455985e+00;2.048588e-02;2.131458e+00;2.070943e-01;-4.769558e+00;-3.222419e+00;-8.266891e-01;-6.316644e-01;-3.792962e-01;-3.058370e-01;-1.124118e+00;-7.574593e-01;4.329468e-01;-2.764264e-01;-3.138267e-01;-2.179757e-01;9.539722e-01;8.812300e-02;3.416237e-01;-1.227863e-01
'unknown';0.640000;-1.048438e+01;-3.703874e+01;-9.782869e+00;2.018595e+01;1.396491e+01;1.280760e+01;-8.534609e+00;-8.540992e+00;-2.755939e+00;1.787604e+00;3.349946e+00;6.154520e+00;1.085975e+02;-7.304997e-01;6.236111e-01;-1.321954e+00;-2.060824e+00;-9.482158e-01;1.993460e-01;-3.015712e+00;4.134594e-01;2.187511e+00;1.426042e+00;-1.496431e+00;-1.480649e+00;-1.371561e+00;-2.495330e-01;2.330678e-01;-2.206860e-01;-1.537372e+00;-1.311538e+00;-2.254131e-01;-1.386386e-01;-4.720103e-01;-2.495309e-01;3.684708e-01;9.035535e-01;6.960760e-01;-4.260399e-02
'unknown';0.650000;-1.192741e+01;-3.839750e+01;-1.885447e+01;1.040994e+01;-1.429962e+00;6.348490e+00;-2.070476e+01;-1.999087e+01;-3.004267e+00;-9.250731e+00;-1.066114e+01;-5.768053e+00;1.070839e+02;-6.965982e-01;1.826648e+00;-6.103758e-01;-3.339643e+00;-1.742978e+00;7.533592e-01;-1.077953e+00;4.242240e-01;-1.726311e-01;1.316389e+00;8.749221e-01;5.096207e-01;-9.902275e-01;1.771193e-01;5.352507e-01;8.722045e-01;1.909216e-01;2.084706e-02;-6.723844e-01;2.159739e-01;-8.851670e-02;-2.792865e-01;3.112497e-01;1.771106e+00;1.385989e+00;1.076125e-01
'unknown';0.660000;-1.250295e+01;-3.419571e+01;-2.258916e+01;1.571389e+00;-6.407967e-01;1.037445e+01;-1.799118e+01;-5.397125e+00;3.064092e+00;-1.816246e+00;3.433153e+00;-9.810564e+00;1.059541e+02;3.616031e-01;3.643850e+00;1.691821e+00;-2.804902e+00;-2.452908e+00;-3.478578e+00;-2.260877e+00;-1.253454e+00;1.239948e+00;1.406360e+00;1.730391e+00;1.476081e+00;-7.456688e-01;4.259485e-01;3.216704e-01;1.379564e+00;1.573790e+00;1.294960e+00;-4.297575e-01;5.499964e-01;-3.003448e-01;-2.173476e-01;-5.770397e-01;3.174216e-01;8.046955e-01;1.984744e-01
'unknown';0.670000;-1.022287e+01;-2.729880e+01;-1.088928e+01;6.995985e+00;3.787030e+00;7.328571e+00;-9.319020e+00;-1.025883e+01;-5.997801e+00;-2.995895e-01;5.863399e+00;7.214483e+00;1.062599e+02;6.736885e-01;2.725030e+00;3.795307e+00;2.062719e+00;2.677263e+00;-2.026639e+00;-7.535330e-01;4.113590e-01;1.208807e+00;1.773184e+00;2.472560e+00;2.229162e+00;-6.015724e-01;2.169947e-01;-4.332688e-01;2.135969e-01;1.363922e+00;1.347890e+00;4.326217e-01;-5.265979e-02;3.530857e-02;-3.374934e-03;-1.244268e+00;-7.678295e-01;-4.132777e-01;3.373291e-02
'unknown';0.680000;-9.528633e+00;-2.436884e+01;-5.306361e+00;7.868420e+00;-9.081221e-01;-5.075328e+00;-2.553187e+01;-1.967428e+01;4.940567e+00;4.343832e+00;3.739634e+00;7.043657e+00;1.052812e+02;7.140997e-01;1.782772e+00;3.373023e+00;3.106945e+00;3.316463e+00;-5.594423e-01;-4.279395e-01;-1.081832e+00;4.100541e-01;-1.687554e+00;-7.081420e-01;1.683058e+00;-5.735161e-01;-1.341276e-01;-8.557949e-01;-1.033100e+00;3.307815e-02;5.708036e-01;1.582841e+00;3.465660e-01;5.243599e-01;-5.264814e-01;-1.466943e+00;-1.535455e+00;-1.374309e+00;-8.959138e-02
'unknown';0.690000;-1.004613e+01;-2.968579e+01;-8.519330e+00;1.757502e+01;1.209001e+01;3.940183e+00;-2.070209e+01;-1.079549e+01;2.101528e+00;-3.464852e+00;1.548424e+00;-3.049353e+00;1.044125e+02;2.121272e-01;5.908428e-01;-3.829924e-01;5.240417e-01;2.111786e+00;1.456900e+00;-2.257720e+00;5.149558e-01;2.254410e-01;-3.357995e+00;-1.744959e+00;-1.660256e+00;-9.076393e-01;-1.325149e-01;-3.510670e-01;-1.387212e+00;-1.674050e+00;-1.672739e+00;6.685358e-01;6.209022e-01;4.642998e-01;-3.899128e-01;-7.035955e-01;-1.356808e+00;-1.013499e+00;-1.451482e-01
'unknown';0.700000;-9.020818e+00;-2.408836e+01;-6.909019e+00;1.181660e+01;1.179002e+01;9.271430e+00;-1.443935e+01;-1.053795e+01;1.064697e+00;-8.671387e+00;2.049931e+00;3.736645e+00;1.040102e+02;-7.825432e-02;4.319691e-01;-1.384531e+00;-1.870172e+00;6.838483e-01;2.693857e+00;2.240467e-01;1.316547e+00;-9.007765e-01;-3.362767e+00;-3.838123e+00;-3.450753e+00;-1.040592e+00;-3.050141e-02;-6.901157e-03;-7.336348e-01;-1.533586e+00;-1.942907e+00;-1.770894e-01;1.196653e+00;7.361861e-01;-2.522070e-02;7.236622e-01;-1.244329e-01;3.234744e-04;-1.227419e-01
'unknown';0.710000;-9.416138e+00;-2.448483e+01;-1.200291e+01;7.642105e+00;7.996889e+00;7.439691e+00;-2.615388e+01;-1.225221e+01;-2.932661e+00;-1.058195e+01;-2.016544e+00;5.667067e-01;1.023572e+02;4.072911e-01;1.645097e+00;-7.619750e-01;-3.818974e+00;-4.370127e+00;-3.106097e-01;2.024985e+00;1.533668e+00;-8.534217e-02;-9.071875e-01;-2.746490e+00;-2.714272e-01;-1.093775e+00;2.134705e-01;3.554621e-01;4.935690e-01;-8.174920e-02;-1.035251e+00;-2.604472e-01;1.708511e+00;1.221250e-01;1.272319e-01;1.456948e+00;1.038079e+00;1.286799e+00;1.586295e-02
'unknown';0.720000;-1.023490e+01;-2.480947e+01;-1.048723e+01;3.484016e+00;4.557683e+00;6.644203e+00;-2.168574e+01;-1.236318e+01;2.953779e+00;-8.911449e+00;-1.366850e+01;-1.201814e+01;1.011059e+02;4.640107e-01;1.221140e+00;-1.056592e-01;-2.389478e+00;-3.157116e+00;-5.611345e-01;3.413972e+00;2.089742e+00;4.393422e-01;7.053527e-01;-8.295409e-01;9.902610e-01;-1.094157e+00;1.745155e-01;4.119434e-01;6.030857e-01;9.963055e-01;2.913616e-01;4.388084e-02;1.009427e+00;-6.288198e-01;-4.829707e-01;1.497764e+00;1.771395e+00;1.336310e+00;8.972625e-02
'unknown';0.730000;-7.402631e+00;-2.109974e+01;-1.054010e+01;2.646442e+00;-6.144447e+00;3.700748e+00;-6.953970e+00;-2.214535e+00;7.302765e-01;-7.880757e+00;-4.324812e+00;3.470901e+00;1.003958e+02;1.008347e+00;1.973568e+00;1.445417e+00;3.749485e-01;-1.143985e+00;1.782160e+00;4.689873e+00;7.389835e-01;1.915414e-01;1.892683e+00;1.941143e+00;2.553232e+00;-8.015419e-01;-1.770605e-01;1.834711e-01;1.124883e-01;1.163682e+00;1.635661e+00;6.210901e-01;2.481410e-02;-1.223548e+00;-5.477444e-01;8.184544e-01;1.026827e+00;-1.453173e-01;9.347405e-02
'unknown';0.740000;-7.707518e+00;-1.967520e+01;-8.168718e+00;2.367037e+00;3.075113e+00;8.335229e+00;-6.969441e+00;-5.108080e+00;1.429939e+00;-6.495222e+00;-9.436393e-01;7.235852e+00;9.952013e+01;4.937953e-01;2.327451e+00;5.272017e-01;1.014394e+00;5.275853e-01;1.866876e+00;3.938739e+00;-1.430209e+00;-3.454072e+00;2.726119e+00;2.675038e+00;1.818467e+00;-7.380775e-01;-3.682987e-01;2.242606e-01;-3.540663e-01;3.762956e-01;7.019634e-01;-5.080584e-01;-8.571636e-01;-9.289557e-01;-2.178395e-01;-2.915186e-02;5.734781e-02;-6.040506e-01;5.480905e-02
'unknown';0.750000;-5.638093e+00;-1.718412e+01;-5.935079e+00;1.007534e+01;3.018250e+00;1.550498e+01;-1.006266e+01;-1.218485e+01;-1.213034e+00;-2.326653e+00;1.326744e+00;3.705870e+00;9.914238e+01;-4.929035e-01;2.009297e+00;-5.159637e-01;2.975014e-01;1.965829e+00;1.580835e+00;1.886672e+00;-2.824098e+00;-8.773571e-01;2.174701e+00;6.353544e-01;-1.412117e+00;-8.044449e-01;-3.983029e-01;-1.152806e-01;-4.174105e-01;-5.594628e-01;-3.697011e-01;-1.566680e+00;-1.675531e+00;-3.471761e-02;7.925774e-01;-7.254040e-01;-1.028740e+00;-9.972833e-01;-6.971431e-03
'unknown';0.760000;-8.648191e+00;-1.513003e+01;-1.015373e+01;4.841540e+00;2.614260e+00;1.007647e+01;-4.376940e-01;-1.452907e+01;-1.334492e+01;1.942092e+00;-3.119081e+00;-3.043284e+00;9.804224e+01;-6.268577e-01;2.324578e+00;-8.953003e-01;-4.692766e-01;-1.202206e+00;-3.000764e+00;5.297545e-01;-7.734957e-01;-1.154062e-01;4.185845e-01;1.100925e-01;-4.731769e-02;-8.186607e-01;8.274953e-02;-2.541590e-01;3.868152e-01;-4.103689e-01;-5.717763e-01;-1.008995e+00;-1.817857e+00;6.088902e-01;1.690975e+00;-9.126717e-01;-1.322104e+00;-5.469489e-01;5.932144e-02
'unknown';0.770000;-9.396811e+00;-1.332584e+01;-1.212741e+01;2.896698e+00;3.915126e+00;1.073430e+01;-7.864839e-01;-1.162453e+01;3.730922e+00;-1.225909e+00;-6.031908e-02;1.549884e+00;9.711254e+01;-4.228407e-01;1.398601e+00;6.961546e-02;-1.680530e+00;-2.127594e+00;-3.617420e+00;-1.983291e+00;2.370386e-01;2.485096e+00;-5.805698e-01;-1.920084e+00;-1.500292e+00;-7.961075e-01;4.259173e-01;-5.010566e-01;6.797155e-01;-1.913358e-01;-3.297415e-01;2.229059e-01;-6.089713e-01;8.855112e-01;7.285190e-01;-4.489623e-01;-5.074866e-01;2.812039e-01;1.778246e-01
'unknown';0.780000;-8.962447e+00;-9.981448e+00;-9.549052e+00;3.609973e+00;-3.384357e+00;-4.283256e+00;-8.958758e+00;-9.255717e+00;-1.619070e+00;-4.952671e+00;3.003544e-01;8.077257e+00;9.644174e+01;8.725116e-01;1.362003e+00;2.168488e+00;-4.843459e-02;-2.845840e-01;-5.789720e-01;-3.215564e+00;8.367357e-02;3.319576e+00;-4.596048e-01;-2.657762e+00;-8.721899e-01;-4.456390e-01;3.797800e-01;-6.951741e-01;1.921966e-01;-2.661464e-01;3.583261e-01;2.049772e+00;9.251200e-01;5.888938e-01;2.066993e-02;4.061417e-01;7.373413e-01;6.169078e-01;2.695815e-01
'unknown';0.790000;-7.595169e+00;-1.276541e+01;-5.889340e+00;2.288471e+00;-4.620414e+00;4.597740e+00;-1.571859e+01;-1.363633e+01;5.349518e+00;-1.782120e+00;-9.983395e+00;-9.355861e+00;9.596209e+01;8.869983e-01;-1.469822e-02;1.350719e+00;-8.695987e-01;-1.416891e-01;1.484468e+00;7.144746e-01;1.174873e+00;1.047747e+00;3.689844e-01;-5.181513e-01;4.063386e-01;-1.018326e-01;-3.135778e-02;-4.175936e-01;-6.146851e-01;-3.573171e-01;1.301477e-01;1.495028e+00;1.505813e+00;2.794341e-01;-9.206907e-01;4.896140e-01;2.171828e+00;1.514093e+00;2.337151e-01
'unknown';0.800000;-5.186455e+00;-8.600232e+00;-2.430325e+00;4.903481e+00;5.459111e+00;1.024989e+01;-9.049460e+00;-1.310480e+01;2.443657e+00;-7.782718e-02;-1.144635e+01;-1.951361e+00;9.638927e+01;6.171229e-01;-4.446425e-01;-5.748690e-01;-2.205474e+00;-4.035285e-01;4.697152e+00;3.806471e+00;1.702056e+00;7.066178e-01;1.974516e+00;3.095832e+00;2.083906e+00;1.821091e-01;-4.939974e-01;-1.715433e-01;-9.370030e-01;-2.984254e-01;-2.082033e-01;1.394108e-01;6.109444e-01;5.225982e-02;-1.194409e+00;3.301931e-01;2.288382e+00;8.358127e-01;3.460876e-02
'unknown';0.810000;-6.849816e+00;-1.408994e+01;-8.933181e+00;-2.098050e+00;-1.215053e+00;1.089007e+01;2.831240e+00;-3.825618e+00;6.938293e+00;-1.818410e+00;3.222278e+00;8.595886e+00;9.662962e+01;-4.519353e-01;2.139564e-01;-1.632131e+00;-2.388596e+00;-1.417384e+00;1.219657e+00;2.034756e+00;8.250183e-01;-8.118788e-01;6.504397e-01;6.062257e+00;4.592127e+00;5.859375e-02;-4.561653e-01;4.457259e-01;6.218541e-02;5.677490e-01;4.521354e-01;-5.814004e-01;-7.557403e-01;-3.555597e-01;-7.953655e-01;-1.561727e-01;5.503084e-01;-3.443360e-01;-1.702627e-01
'unknown';0.820000;-6.249509e+00;-1.154239e+01;-1.090148e+01;-5.224138e+00;-7.104680e+00;1.605634e+01;7.986831e-01;-5.650795e+00;1.119632e+00;4.938053e+00;9.176680e+00;9.520913e+00;9.701852e+01;-9.280089e-01;3.899596e-01;-1.025101e+00;-7.810634e-01;-6.877531e-01;2.504878e-01;-8.209820e-01;5.199002e-01;-1.722655e+00;1.050633e+00;5.493945e+00;1.213980e+00;-3.528084e-01;-2.981486e-01;3.153074e-01;8.600868e-01;1.168780e+00;1.352718e+00;-6.774743e-01;-3.742303e-01;4.383887e-02;-3.427026e-01;-1.093494e+00;-2.041028e+00;-1.462860e+00;-2.738930e-01
'unknown';0.830000;-9.323318e+00;-1.022455e+01;-9.814420e+00;-4.590698e+00;-5.425437e+00;7.792798e+00;-1.046888e+01;-1.323825e+01;1.952137e+00;-1.037861e+00;1.001637e+01;7.868636e+00;9.594043e+01;-6.212623e-01;1.796630e+00;1.886762e+00;1.256941e+00;2.261100e+00;8.007984e-01;-7.505005e-01;-1.184726e-02;-1.714444e+00;5.006206e-02;1.034334e+00;-8.803784e-01;-6.856872e-01;2.499434e-01;3.246335e-01;1.112775e+00;1.107434e+00;1.206917e+00;4.508895e-01;7.766845e-01;5.206987e-01;1.042514e-01;-1.183648e+00;-3.330682e+00;-1.893548e+00;-1.011809e-01
'unknown';0.840000;-8.589748e+00;-8.583133e+00;-7.115212e+00;2.244488e+00;4.125537e+00;1.305097e+01;-6.504311e+00;-5.798990e+00;-3.676541e+00;4.785065e+00;1.262632e+01;4.482164e+00;9.496982e+01;-7.889563e-01;3.405578e-01;1.966118e+00;1.815656e+00;4.520820e+00;1.519210e+00;3.327948e+00;2.339683e+00;-5.556127e-01;-3.192764e+00;-4.595347e+00;-2.494143e+00;-8.152153e-01;6.640868e-01;4.194134e-01;5.332972e-01;2.189680e-01;-4.824900e-01;3.234560e-01;6.333449e-01;3.264378e-01;6.493115e-01;-1.050821e+00;-2.861094e+00;-9.152797e-01;2.413504e-01
'unknown';0.850000;-8.786008e+00;-6.586422e+00;-1.392501e+00;4.523425e-01;4.475339e+00;1.639675e+01;2.730234e+00;-3.810757e+00;7.641602e-01;-1.491605e+00;6.669127e+00;6.713368e+00;9.422553e+01;7.282555e-01;1.861825e+00;2.436135e+00;1.850214e+00;2.012913e+00;2.839743e+00;3.843713e+00;2.518620e+00;-8.741429e-01;-3.146099e+00;-5.546504e+00;-3.021551e+00;-2.161072e-01;8.679425e-01;1.225787e-01;-4.483258e-01;-6.362988e-01;-2.016929e+00;-3.662708e-01;-7.197312e-01;1.054612e-02;6.667559e-01;5.736026e-01;-4.076070e-01;-1.099467e-01;5.961421e-01
'unknown';0.860000;-1.046295e+01;-1.165867e+01;-5.281847e+00;1.332620e+00;1.054903e+01;1.935041e+01;1.083887e+01;1.333877e+00;-1.064444e+00;-1.079890e+01;-1.212643e+01;-2.372171e+00;9.379990e+01;1.717666e+00;2.454429e+00;1.366698e+00;1.714025e-02;-2.976109e+00;8.482952e-01;4.863582e-02;8.868556e-01;1.103752e+00;-2.605392e+00;-5.521104e+00;-2.291832e+00;6.191536e-01;6.863901e-01;-7.315399e-02;-8.550881e-01;-1.023743e+00;-2.183523e+00;-1.553391e+00;-1.862357e+00;-5.364341e-01;4.879414e-01;2.738472e+00;2.253420e+00;8.420894e-01;6.718337e-01
'unknown';0.870000;-4.745442e+00;6.223482e-01;1.449574e+00;5.116304e+00;1.427380e+00;1.884179e+01;7.809891e-02;-4.211580e+00;-3.724626e+00;-8.976375e+00;-5.339768e+00;-3.811953e+00;9.544485e+01;2.465139e+00;1.352588e+00;-5.515654e-02;-1.025295e+00;-4.075080e+00;-6.950981e-01;-2.709500e+00;7.672971e-01;7.896532e-01;2.624389e+00;-5.408223e-01;-1.531268e+00;1.577839e+00;2.847506e-02;-9.830240e-01;-1.859025e+00;-1.722378e+00;-7.808115e-01;-1.812844e+00;-1.793118e-01;1.717176e-01;4.865694e-02;2.379343e+00;1.922878e+00;6.587334e-01;5.228153e-01
'unknown';0.880000;-2.021701e+00;8.462675e-02;-1.702760e+00;-1.791568e-03;-9.231030e+00;1.606992e+01;-4.935064e+00;-1.164300e+00;4.086614e+00;-4.499512e+00;-8.974748e+00;-1.714336e+00;9.745592e+01;1.774553e+00;2.294064e-01;-1.063676e+00;-1.865304e+00;-3.352798e+00;-4.480323e+00;-2.707231e+00;5.331742e-01;1.052196e+00;7.614351e+00;4.168910e+00;9.711612e-01;1.646980e+00;1.288121e-01;-1.557081e+00;-2.594427e+00;-1.505293e+00;6.297340e-02;-2.219366e+00;1.640719e+00;1.214356e+00;-5.294679e-01;6.495092e-01;8.593920e-01;4.070171e-01;7.783270e-01
'unknown';0.890000;-6.809375e-01;-5.695128e+00;-3.457827e+00;-4.006926e+00;-6.010028e+00;1.456150e+01;-2.930301e+00;1.274817e+00;2.136897e+00;8.480647e+00;2.389174e+00;-1.271887e+00;1.002867e+02;8.421874e-01;-1.940784e+00;-5.643802e+00;-5.820457e+00;-1.702800e+00;-3.560168e+00;4.325088e+00;3.554049e+00;-6.050801e-01;3.640746e+00;-7.771196e-01;-1.359381e+00;1.884056e+00;1.219359e-01;-1.861686e+00;-2.541933e+00;-5.422757e-01;-1.646587e+00;-1.795051e+00;9.894589e-01;9.626797e-01;-1.102138e-02;-1.265852e+00;-6.360546e-01;-7.963544e-02;1.666585e+00
'unknown';0.900000;-3.622435e+00;-7.352896e+00;-8.146528e+00;-3.432285e+00;-2.496254e+00;-9.110572e-01;-1.193089e+00;1.256550e+00;1.265774e+00;1.854434e+01;4.853648e+00;1.213602e+00;9.961387e+01;3.173202e+00;-3.684288e+00;-8.811112e+00;-5.111743e+00;-3.847382e+00;-8.816000e+00;4.734938e+00;5.565259e+00;-8.462209e-01;1.339752e-01;-1.105995e+00;-3.426902e-01;4.357680e+00;9.999180e-02;-1.857235e+00;-1.362975e+00;8.419051e-01;-3.322631e+00;-2.919001e-01;-1.265663e+00;-5.297802e-02;6.381060e-01;-1.550271e+00;-6.147114e-01;-4.734749e-01;2.324867e+00
'unknown';0.910000;2.658614e-01;-5.362808e+00;-2.354755e+01;-2.227073e+01;-1.045401e+01;9.531441e+00;1.983255e+01;1.234824e+01;-5.339607e+00;-2.294573e+00;-1.613956e+01;-1.207283e+01;1.037862e+02;2.375494e+00;-5.998996e+00;-8.891103e+00;-2.113454e+00;-1.206073e+01;-7.502512e+00;-1.483290e+00;3.064653e+00;1.683755e+00;3.531628e-02;-1.083643e+00;-1.272519e+00;8.555413e+00;-4.510329e-01;-1.168513e+00;9.927601e-01;2.459177e+00;-3.076650e+00;6.858682e-01;-3.769457e+00;-1.732649e+00;1.220679e+00;5.146728e-01;1.262352e+00;1.247989e-01;1.727050e+00
'unknown';0.920000;1.337091e+01;-1.850297e+01;-3.571346e+01;-1.642861e+01;-2.624595e+01;-2.549505e+01;7.358200e+00;2.112528e+01;3.593761e+00;1.557974e+00;-5.240352e+00;1.972684e+00;1.174946e+02;1.507859e+00;-7.027660e+00;-6.254902e+00;4.907200e-01;-1.478699e+01;-3.968651e+00;-6.131356e+00;5.129817e-01;3.098309e+00;1.665713e+00;1.248615e+00;-1.439644e+00;9.935634e+00;-1.357062e+00;2.611073e-01;2.518866e+00;1.935217e+00;-3.137895e-01;2.851441e+00;-2.586787e+00;-2.256285e+00;5.853902e-01;1.138195e+00;1.055629e+00;-2.223693e-01;-2.888916e-01
'unknown';0.930000;2.699859e+00;-3.011507e+01;-3.412988e+01;-8.076034e+00;-5.443880e+01;-1.065906e+01;-1.462240e+01;6.663718e+00;9.391677e+00;1.715041e+01;2.017959e+00;-8.014023e+00;1.341234e+02;-5.803056e-01;-6.111661e+00;-1.958107e+00;3.674197e+00;-1.161624e+01;-2.554501e+00;-9.089049e+00;-2.583060e+00;3.526048e+00;5.448241e+00;4.357336e+00;-1.869096e-01;7.730331e+00;-8.393056e-01;1.670323e+00;2.435382e+00;5.406702e-01;3.326987e+00;2.194088e+00;4.701818e-01;-9.534601e-01;-5.306236e-01;1.382143e-01;2.370333e-01;1.987341e-01;-2.372070e+00
